name,artist,release_date,danceability,energy,loudness,speechiness,acousticness,instrumentalness,liveness,valence,tempo,popularity
Track 1,Artist 12,2019-01-01,0.7739560485559633,0.3019273914424916,-41.884356513450506,0.14723811188252448,0.05342001641691972,0.12380689955191697,0.7923956468500528,0.7385803864573827,162.31259660125008,72.28
Track 2,Artist 3,2019-01-08,0.4388784397520523,0.9184418955155542,-4.893486269066749,0.06562699569912897,0.31405412972462415,0.05071675552520893,0.49882892442682103,0.31715317112997876,147.87039019220123,60.76
Track 3,Artist 25,2019-01-15,0.8585979199113825,0.7812940354315159,-13.12235787410905,0.07374081614315459,0.25312562705528,0.14478958053489002,0.2884926031419477,0.8900194571176955,85.18407137307453,75.09
Track 4,Artist 18,2019-01-22,0.6973680290593639,0.1105884109961105,-53.36469534023337,0.015399252538389308,0.13566649200504088,0.09184950791519317,0.17988646470252778,0.5938305480284476,106.68095208481417,61.42
Track 5,Artist 7,2019-01-29,0.09417734788764953,0.9970346578375731,-0.17792052974562012,0.08611370735890012,0.13180300820257143,0.06673281020725928,0.8783828771868954,0.12602634174662652,106.61909751652355,57.84
Track 6,Artist 34,2019-02-05,0.9756223516367559,0.8792000243077452,-7.2479985415352886,0.03097836195089941,0.2915621743357299,0.13133197096298807,0.7101669404986963,0.14371866145553414,118.40307271788521,76.68
Track 7,Artist 9,2019-02-12,0.761139701990353,0.28390843786403896,-42.96549372815766,0.03583284131462503,0.22699525490551267,0.32741848660532197,0.5721633031474584,0.6930954269297015,118.79371493772493,71.14
Track 8,Artist 17,2019-02-19,0.7860643052769538,0.8368965796609382,-9.786205220343703,0.080550097991263,0.117254179860448,0.269475783017282,0.8794346459536684,0.17294393644207806,179.92478190796285,63.25
Track 9,Artist 49,2019-02-26,0.12811363267554587,0.10641953187138287,-53.61482808771703,0.0,0.05772455104237841,0.032092841220094884,0.12169028737408949,0.5072927015820433,98.45544251050482,33.24
Track 10,Artist 4,2019-03-05,0.45038593789556713,0.9991047304742386,-0.053716171545680425,0.12985139299254914,0.07788943413614076,0.09771090674905211,0.6824892860020683,0.9917744759287107,124.5793987132878,86.39
Track 11,Artist 13,2019-03-12,0.37079802423258124,0.6656847361065369,-20.058915833607784,0.05911946073619379,0.22583527999877323,0.17860828455165936,0.21671231241323197,0.004007604733339498,132.33015484935606,41.99
Track 12,Artist 16,2019-03-19,0.9267649888486018,0.650125015558797,-20.992499066472178,0.11404721043902122,0.49379574831756196,0.22787264775719224,0.120577441015987,0.016579801897556923,119.96855991061608,61.06
Track 13,Artist 25,2019-03-26,0.6438651200806645,0.09044072698413275,-54.573556380952034,0.0,0.5990322393798025,0.06802097264530901,0.46560851000693315,0.9930845819305065,122.20361155562716,52.77
Track 14,Artist 13,2019-04-02,0.82276161327083,0.8970333988966253,-6.177996066202482,0.0038417437985903483,0.09042430226130332,0.37632379269936567,0.3873929297643537,0.5846388341341655,99.10382211386826,70.7
Track 15,Artist 48,2019-04-09,0.44341419882733113,0.028999503204469423,-58.26002980773183,0.0,0.2229256759320969,0.04997265286724583,0.9411736093251855,0.12690997551851313,122.12972389205363,35.64
Track 16,Artist 1,2019-04-16,0.2272387217847769,0.24082805804114704,-45.55031651753118,0.06251488363324195,0.1049328805349385,0.15400383423335862,0.3239795467518164,0.8973021997540936,130.22797992348745,53.62
Track 17,Artist 47,2019-04-23,0.5545847870158348,0.143021875166635,-51.4186874900019,0.05329916509591231,0.4112121689717208,0.2206408370283302,0.8149022590520024,0.8803803001276922,126.55201168542257,60.03
Track 18,Artist 27,2019-04-30,0.06381725610417532,0.7767679406922186,-13.393923558466888,0.026779409038440977,0.3057250471677543,0.05635571618117615,0.7488270004683447,0.5362004131113752,131.40401807824182,57.79
Track 19,Artist 2,2019-05-07,0.8276311719925821,0.19820422721289788,-48.10774636722613,0.0,0.3102977980660263,0.172260843516377,0.6679238700585363,0.6217920298607565,148.25215801272464,63.06
Track 20,Artist 6,2019-05-14,0.6316643991220648,0.9106382271308853,-5.361706372146884,0.0,0.24510095098306064,0.10097527941960603,0.9204004729600596,0.27318719150087634,138.73933083828683,72.5
Track 21,Artist 6,2019-05-21,0.7580877400853738,0.6562690393274901,-20.623857640350593,0.047575804976467205,0.4024698614435649,0.19337329931029734,0.4079245943813421,0.05051969637200515,121.42589226994873,53.14
Track 22,Artist 15,2019-05-28,0.35452596812986836,0.036162710494696215,-57.83023737031823,0.026720661020569997,0.21641581914847602,0.09209813759978973,0.38967118598286565,0.5945676088908644,96.56483296233444,35.04
Track 23,Artist 17,2019-06-04,0.9706980243949033,0.0054298341287004614,-59.67420995227797,0.015719650382086885,0.508212578720767,0.02057380068225562,0.16094742358150937,0.294755193202763,107.9998945057776,47.75
Track 24,Artist 32,2019-06-11,0.8931211213221977,0.051657917014398924,-56.900524979136065,0.12735447430658048,0.12020954739024022,0.2423929445787455,0.27576207549506915,0.6636210466603519,115.6073769616517,54.79
Track 25,Artist 16,2019-06-18,0.7783834970737619,0.6059251776477277,-23.644489341136335,0.045883716090363305,0.4141439302032142,0.027232426235696598,0.8797764560608707,0.8362451768426012,125.04691662682895,87.54
Track 26,Artist 36,2019-06-25,0.19463870785196757,0.8014818108594153,-11.911091348435086,0.11350214669634627,0.39031606219769904,0.07133465660503129,0.474382132911368,0.018160543914364058,110.4333447700121,53.86
Track 27,Artist 15,2019-07-02,0.4667210037270342,0.23855282062738847,-45.68683076235669,0.02333739086586517,0.11445690938108039,0.17682538346323112,0.34135332219071046,0.5957137746857274,101.28533601631297,55.38
Track 28,Artist 13,2019-07-09,0.04380376578722878,0.849408842923073,-9.03546942461562,0.06223881418993285,0.5378805867660962,0.15910628170436417,0.21611205508217113,0.23128053968685225,96.23602621759326,43.93
Track 29,Artist 14,2019-07-16,0.15428949206754783,0.057231940153260386,-56.566083590804375,0.04722619918718326,0.22011931596269055,0.08658975248766425,0.484960250243615,0.8738884979038014,86.97644481888938,40.95
Track 30,Artist 17,2019-07-23,0.6830489532424546,0.8009638536416762,-11.942168781499426,0.0,0.2196848559329826,0.10936764396932688,0.7166653704645288,0.2536645065618285,115.30098592450862,56.98
Track 31,Artist 42,2019-07-30,0.7447621559078171,0.9277954301722804,-4.332274189663174,0.12141691531319565,0.036982287926805926,0.11012398132612464,0.2866920254570754,0.6107701332354183,90.6066911585939,79.04
Track 32,Artist 13,2019-08-06,0.96750973243421,0.7721083991043806,-13.673496053737168,0.043242319648379206,0.043290670671127816,0.03261017519846848,0.7577165208126542,0.5535408400896115,99.98948631685215,84.48
Track 33,Artist 14,2019-08-13,0.32582535813815194,0.6981207839786372,-18.11275296128177,0.08732091098164803,0.32904328334326066,0.13562955953338188,0.6297877747249184,0.3961665000592489,112.12196254311395,55.41
Track 34,Artist 47,2019-08-20,0.3704597060348689,0.8379802186553831,-9.721186880677017,0.01239856387692203,0.4998138709084096,0.11591946501601641,0.7875625625397042,0.6776207635997941,93.28165381217133,66.3
Track 35,Artist 33,2019-08-27,0.4695558112758079,0.04015129954706642,-57.59092202717601,0.04175778092101177,0.107225365887011,0.002412050702166202,0.2509096288749123,0.7257696347154339,127.59504376997394,57.74
Track 36,Artist 10,2019-09-03,0.1894713590842857,0.20178211071905539,-47.893073356856675,0.006657382003832264,0.7214215325008806,0.2991067369225496,0.6310281447330454,0.5669377953193868,134.80446127211374,25.84
Track 37,Artist 43,2019-09-10,0.12992150533547164,0.12492367930564308,-52.50457924166142,0.11179992413816968,0.49120913004530675,0.1915955208794928,0.1537352794888419,0.7584222371847541,109.01145960449203,28.86
Track 38,Artist 9,2019-09-17,0.47570492622593374,0.5045309901929865,-29.728140588420807,0.06557046737253379,0.34416976704628927,0.22324915603066892,0.36379698216463674,0.9834170759929376,111.25945384779996,74.35
Track 39,Artist 8,2019-09-24,0.2269093490508841,0.7451881283288445,-15.288712300269331,0.0683526763340444,0.4913346709759323,0.07693072897283743,0.7243600948428013,0.4192723879008051,130.74859540278155,57.73
Track 40,Artist 22,2019-10-01,0.6698139946825103,0.6300118445763987,-22.199289325416075,0.11790920735524896,0.5114779676323982,0.5409899781844165,0.6316683855799359,0.5145830518855309,105.72009805530642,52.12
Track 41,Artist 34,2019-10-08,0.43715191887233074,0.851131099761935,-8.932134014283896,0.10781706484495115,0.047550755873553056,0.3758294215525123,0.18786072533752196,0.012469877941213237,104.3453217680541,52.25
Track 42,Artist 10,2019-10-15,0.8326781960578374,0.15521299244109088,-50.68722045353455,0.08826712680681427,0.05025859397448933,0.31302907138591557,0.8583426720925291,0.7960285563103784,143.92996956372582,64.25
Track 43,Artist 37,2019-10-22,0.7002651020022491,0.7346210919351616,-15.92273448389031,0.0,0.10647712568589152,0.1384423594568641,0.053350982345181874,0.5202300670459938,137.68375477425573,72.24
Track 44,Artist 8,2019-10-29,0.31236664138204107,0.1930414908689041,-48.41751054786575,0.01521604402416582,0.4642340361126316,0.22805012006685751,0.5952156885166495,0.4079614303605652,132.03100004687838,39.4
Track 45,Artist 39,2019-11-05,0.8322598013952011,0.27075875131780025,-43.75447492093198,0.0,0.19912888177502766,0.21164141846290108,0.9838205002316063,0.0940719630893958,138.51289242788187,70.95
Track 46,Artist 5,2019-11-12,0.8047643574968019,0.7099046972813039,-17.40571816312177,0.08637668468128996,0.08450168290260743,0.18344812015684517,0.5315047318427486,0.8896564216753973,80.45442549265275,82.11
Track 47,Artist 23,2019-11-19,0.38747837903017446,0.9802047848986818,-1.187712906079092,0.05853259708750257,0.16694922505976686,0.02983667530878093,0.8006718199594207,0.39500724004055643,147.07671093586214,75.23
Track 48,Artist 32,2019-11-26,0.2883281039302441,0.6115436059770696,-23.30738364137582,0.0,0.31391331482267504,0.08891578193312431,0.5951809731891021,0.6825815982092204,127.84124233167485,45.62
Track 49,Artist 14,2019-12-03,0.6824955039749755,0.054500314991295595,-56.72998110052227,0.040562789349438626,0.3907372404257884,0.31588577142547225,0.7830883149229926,0.14937415636815077,140.2156276801147,33.24
Track 50,Artist 30,2019-12-10,0.1397524836093098,0.6163089699275328,-23.02146180434803,0.0,0.1638543895012978,0.12411270848565265,0.6555941353552872,0.9615496295410325,127.74323558232726,72.44
Track 51,Artist 34,2019-12-17,0.19990820247510832,0.042350551580167095,-57.458966905189975,0.04734217559651201,0.35517532463479096,0.07690207105508974,0.6911320145375287,0.1784417618218309,120.97849649360312,29.39
Track 52,Artist 32,2019-12-24,0.007362269751005512,0.8841457113668172,-6.951257317990965,0.0,0.3637720979383461,0.13062067579174683,0.22781115108638406,0.19954199289949037,114.4938157527589,11.68
Track 53,Artist 20,2019-12-31,0.7869243775021384,0.7095782851006207,-17.42530289396276,0.07644137466923065,0.6001741981966855,0.019293230111328427,0.7418209135729177,0.8589828605577138,127.34288753772411,80.14
Track 54,Artist 38,2020-01-07,0.6648508565920321,0.17312784642250323,-49.612329214649804,0.06889813130170368,0.30138409289552465,0.24053699140573753,0.23790988666433077,0.9125827441419312,113.76504182190895,71.8
Track 55,Artist 36,2020-01-14,0.7051653786263351,0.09172100582419807,-54.496739650548115,0.14539742466734407,0.844224763603197,0.19457184756085846,0.9806402751425881,0.2121474075233014,137.35752200130224,18.33
Track 56,Artist 16,2020-01-21,0.7807290310219679,0.18353322888031898,-48.988006267180864,0.09239366447486713,0.23090068253945492,0.031236450668711436,0.2277871909612047,0.4698008881748279,88.270867108956,64.88
Track 57,Artist 36,2020-01-28,0.45891577553833995,0.9800271795541925,-1.1983692267484471,0.028854287208874865,0.17359375786979053,0.07959793257030182,0.2366840035976563,0.7334949045628298,109.16848276411444,55.2
Track 58,Artist 46,2020-02-04,0.5687411959528937,0.4585606424584898,-32.48636145249061,0.09090350466372431,0.43367545225960963,0.025105712813534277,0.8586731204838641,0.8783657338108016,160.89646496953293,73.45
Track 59,Artist 41,2020-02-11,0.13979699812765745,0.784080948341408,-12.955143099515524,0.0,0.5582146084266786,0.21596195562719514,0.24298586196281913,0.3790526950373052,107.47839072855216,44.84
Track 60,Artist 36,2020-02-18,0.11453007353597344,0.6364083421077769,-21.815499473533386,0.0018763698159457304,0.09678222914856828,0.09350572479122732,0.36090279349128296,0.5170194868494292,115.22632553873044,35.38
Track 61,Artist 38,2020-02-25,0.6684029617904717,0.5724131499586373,-25.655211002481757,0.0666571266037555,0.14901276044395,0.056314005989333005,0.714640161179027,0.7417164105197349,102.34838133299847,74.7
Track 62,Artist 40,2020-03-03,0.4710962061431325,0.1451302546650497,-51.29218472009702,0.0,0.3118149251954397,0.3889009540346964,0.15874858019476323,0.7311359766527954,126.71691345771647,54.27
Track 63,Artist 15,2020-03-10,0.5652361064811888,0.9460244535580951,-3.2385327865142983,0.04814196075330585,0.4504520677903152,0.2083567888070701,0.15907175482750224,0.7829601300260849,105.2747021971561,75.04
Track 64,Artist 36,2020-03-17,0.7649988574160256,0.30134263251471793,-41.919442049116924,0.0,0.09941091372697197,0.13707057988662996,0.48635842326661893,0.5699338186415264,116.28778130385899,66.53
Track 65,Artist 10,2020-03-24,0.6347183200005908,0.5780172158075422,-25.318967051547467,0.05506535275766318,0.2871116810911284,0.149321000557079,0.24369675423272685,0.10461509680477521,136.97733072070142,49.69
Track 66,Artist 18,2020-03-31,0.5535794006579958,0.6997759445890661,-18.01344332465603,0.0,0.5869732563053821,0.12491080344561982,0.23565795556903357,0.90397329087804,106.02473162370369,52.24
Track 67,Artist 46,2020-04-07,0.5592071607454135,0.6492331552453089,-21.046010685281466,0.07121240687275944,0.32823751747081964,0.14042783513845902,0.00923892141851268,0.8655725393210282,135.77222238530442,74.09
Track 68,Artist 14,2020-04-14,0.3039500980626122,0.9405944096955184,-3.5643354182688967,0.05096637118336948,0.2729112002234095,0.08067060002627409,0.37044959119794796,0.798097435818333,136.44458631120713,85.09
Track 69,Artist 42,2020-04-21,0.030817834567939406,0.148438989920058,-51.09366060479652,0.12001829584406654,0.6751988944487091,0.3935813334876039,0.31825055461840324,0.09986247716072949,141.09912189438586,21.53
Track 70,Artist 21,2020-04-28,0.43671738923236236,0.5083527384469421,-29.498835693183477,0.05033672670508111,0.3942381008617035,0.18070774105282295,0.031155810826670405,0.2043973670814292,122.8108198983608,28.97
Track 71,Artist 11,2020-05-05,0.2145846728195292,0.40403439074076597,-35.75793655555404,0.011567859751926687,0.44687374850796424,0.09608797385562921,0.6212331782136635,0.7436003651076519,184.82518153953572,40.0
Track 72,Artist 5,2020-05-12,0.40852864372463615,0.4741687294826181,-31.549876231042912,0.037655707208635855,0.5620829957429613,0.14620541164714645,0.626655182003354,0.023140094581946435,141.09067393084163,31.51
Track 73,Artist 27,2020-05-19,0.8534030732681661,0.11921752619774462,-52.84694842813532,0.0,0.384664516944324,0.11587128613747708,0.07080047177365889,0.9792246337072796,126.49755248813653,50.88
Track 74,Artist 23,2020-05-26,0.23393948586534075,0.13409460987276534,-51.95432340763408,0.07030686273527201,0.2384618526804491,0.053977975746044224,0.31704156290945307,0.3771446803556807,102.4815117183653,35.42
Track 75,Artist 26,2020-06-02,0.05830274168906602,0.27807554578125737,-43.31546725312456,0.07949251231576362,0.3991122287873408,0.2857980140005307,0.8728055319953978,0.7193125336908236,118.05881748251718,41.59
Track 76,Artist 3,2020-06-09,0.28138389202199654,0.3047046037608313,-41.71772377435012,0.17345980183464088,0.3292217843945704,0.01077196506196609,0.5821670682445784,0.8875710884880433,148.5265395380007,43.43
Track 77,Artist 14,2020-06-16,0.2935937577666836,0.42790321368135,-34.325807179118996,0.018908200469779764,0.20227491792447702,0.050004027161226275,0.41197472401198787,0.39462988815008226,154.19069231252536,55.37
Track 78,Artist 1,2020-06-23,0.6619165147268951,0.6109875470366283,-23.340747177802307,0.03661027131624087,0.7354013949979206,0.2849644122964687,0.4651019284640959,0.31913248859966603,149.56658200880457,55.56
Track 79,Artist 15,2020-06-30,0.5570321523412783,0.634629117418263,-21.922252954904224,0.02121207377808922,0.4026615029632686,0.3000186062525243,0.20827999443580514,0.6087411288982467,135.7038461345924,55.76
Track 80,Artist 46,2020-07-07,0.7838982091064135,0.41181089658557024,-35.29134620486579,0.060605685056561207,0.453930713632701,0.09332769639203821,0.811881500707928,0.5809893737480507,94.88679587408856,58.79
Track 81,Artist 8,2020-07-14,0.6643135403273875,0.4087831094286971,-35.47301343427817,0.06908452672398069,0.4051437627781962,0.05906620036755007,0.9140047054509676,0.40913997762479715,129.7432363565134,41.01
Track 82,Artist 34,2020-07-21,0.4063868614400705,0.21762852669696198,-46.942288398182285,0.04733125777857446,0.08132591765616638,0.059083582537908345,0.9106640422500436,0.6017747558677085,95.17195243894005,49.02
Track 83,Artist 1,2020-07-28,0.8140203846660347,0.5883062484090082,-24.701625095459505,0.10431629584365161,0.3763773733725502,0.13137058631523427,0.22393439169229967,0.9353813695664948,90.25057613238482,73.39
Track 84,Artist 28,2020-08-04,0.1669729199077039,0.3170409113172379,-40.97754532096573,0.019151024812261126,0.18997697939753433,0.04073713883259636,0.3107402677764569,0.4676402566265965,124.78317369154477,44.34
Track 85,Artist 46,2020-08-11,0.022712073133860478,0.0360598342773637,-57.83640994335818,0.09930870239453561,0.13975092866529681,0.18317846006647864,0.1606227748095368,0.19674218075063132,130.46398894539502,25.79
Track 86,Artist 17,2020-08-18,0.09004786077564175,0.4184000441568604,-34.895997350588374,0.07692489268205413,0.267662567541786,0.17663205661634523,0.30720113363231316,0.3772059828830039,138.0675419696161,40.98
Track 87,Artist 10,2020-08-25,0.7223593505964503,0.4741326750901703,-31.55203949458978,0.049398504005052676,0.24529500404115914,0.12934802997608477,0.3328053721226003,0.3941069825931186,129.94272480772187,57.62
Track 88,Artist 28,2020-09-01,0.4618772302513874,0.22559286820421098,-46.46442790774734,0.03425316796214273,0.6160752426083786,0.17469639657817668,0.6331057370646355,0.13110869302621986,130.63171971485497,34.76
Track 89,Artist 14,2020-09-08,0.1612717790336018,0.5724579331221157,-25.652524012673062,0.1713333879365685,0.1940227560154299,0.21308323301341137,0.18964638154812463,0.1628715005545549,100.30694830015247,46.93
Track 90,Artist 44,2020-09-15,0.5010447751033635,0.5657719004319209,-26.053685974084743,0.009149567462896031,0.16230623857571227,0.11032548491224642,0.9193969243677436,0.6845620733936773,117.90046630630667,65.01
Track 91,Artist 42,2020-09-22,0.15231210271316842,0.7020021811103714,-17.879869133377717,0.06489665884842073,0.19192702361069963,0.15858105392797764,0.10309947008530995,0.3394777542089027,89.85766428731024,50.03
Track 92,Artist 32,2020-09-29,0.696320375077736,0.64794848220121,-21.123091067927398,0.012489046487893375,0.4490111999182814,0.5019443897879068,0.006878011034333054,0.9548983918558076,79.93261741199609,64.4
Track 93,Artist 32,2020-10-06,0.4461562755740307,0.6524330565210316,-20.854016608738107,0.1392810374310653,0.07486119230550775,0.18019826544752315,0.8549451286305332,0.24359674535860742,134.81285419686148,52.47
Track 94,Artist 30,2020-10-13,0.3810212260964825,0.3162141518240431,-41.027150890557415,0.09434131643996019,0.4032848520028975,0.21058062435494404,0.7037698077660497,0.09892450510482231,104.93751212418083,38.4
Track 95,Artist 37,2020-10-20,0.3015120891478765,0.7874322219859539,-12.754066680842769,0.0160825060579428,0.30538099865340257,0.15251108589035278,0.3553598703559985,0.7535045630002579,137.44997004286108,60.59
Track 96,Artist 23,2020-10-27,0.6302825931188885,0.5491443835996794,-27.051336984019237,0.07562974967156143,0.40556166475720934,0.1331080076045398,0.595499705910118,0.88103605191787,142.16695155760078,71.52
Track 97,Artist 48,2020-11-03,0.3618126105533904,0.4314181951798901,-34.114908289206596,0.06288478606382777,0.26483113155895555,0.1611138632483046,0.22354410083923337,0.27811335687148786,107.61365350753604,43.82
Track 98,Artist 17,2020-11-10,0.087649919316101,0.6260124809410571,-22.439251143536573,0.024168761901263065,0.39738694809416797,0.20579666072061012,0.16838964864537598,0.20208810164547797,131.806221891106,36.05
Track 99,Artist 1,2020-11-17,0.11800590212051532,0.3606573344502543,-38.36055993298474,0.08790821086140867,0.41607793667792425,0.029532062848259134,0.4711491351387228,0.18576613487108717,106.77686542772717,29.54
Track 100,Artist 35,2020-11-24,0.9618976645495145,0.5127392446067582,-29.235645323594504,0.0694652695552205,0.16236087927707007,0.2438565101316112,0.35318782972096086,0.5220123013665123,83.08242250746352,64.45
Track 101,Artist 33,2020-12-01,0.908580690707607,0.7367056884822203,-15.797658691066786,0.06078493569429762,0.07530922653662744,0.13502084417952323,0.6152300505352921,0.46841664124677096,122.46618808884917,65.24
Track 102,Artist 49,2020-12-08,0.6997071338107496,0.8864028867237077,-6.815826796577539,0.047904014437883564,0.40378983958389975,0.019048977959974935,0.2181491845610315,0.2594398398545342,110.58252240568478,68.81
Track 103,Artist 20,2020-12-15,0.2658699614595196,0.9210571972951916,-4.736568162288499,0.07155272462998256,0.38252924032413504,0.037154553443241804,0.6629277005606187,0.04517311698942639,111.19821978825736,52.95
Track 104,Artist 21,2020-12-22,0.9691763773477239,0.5036329251830992,-29.78202448901405,0.06146938307462298,0.3087315985518217,0.03893605827573747,0.7668615203028132,0.4814913403262807,159.50686235691052,78.15
Track 105,Artist 28,2020-12-29,0.7787509039657946,0.5202751147405691,-28.783493115565854,0.05295466665125087,0.04463412421489743,0.026549469262356854,0.1666361430284744,0.9593323476356084,89.48286034534657,74.08
Track 106,Artist 20,2021-01-05,0.7168901891589956,0.7998704107638365,-12.007775354169809,0.017949204200621828,0.33872524798674347,0.12727989390673775,0.04385828341791598,0.6525192007526632,127.65742270742942,87.31
Track 107,Artist 39,2021-01-12,0.44936150214378867,0.31445069174420126,-41.13295849534792,0.13468831203812465,0.13490505779871143,0.2080266670266039,0.43958737530133873,0.4955065566286184,100.10385525710497,46.12
Track 108,Artist 21,2021-01-19,0.272241561845159,0.8373823623450686,-9.757058259295889,0.0,0.4230520195954244,0.08852502496653233,0.7740240859924371,0.11069207402961612,138.16522818534648,44.14
Track 109,Artist 39,2021-01-26,0.0963909621534993,0.4941416465174234,-30.351501208954595,0.07138181094398725,0.618463704142107,0.08191455874758494,0.6507798355741427,0.25243629054958727,125.96862472350132,26.59
Track 110,Artist 21,2021-02-02,0.9026023965438417,0.11585672433526839,-53.048596539883896,0.033987962884928356,0.4459911149614075,0.03963356520230002,0.7018817204145913,0.2947739495745427,127.58688698361227,36.85
Track 111,Artist 12,2021-02-09,0.45577628983361107,0.0720591470729437,-55.67645117562338,0.13797736347246498,0.22731578205566397,0.2186392263351645,0.4028393399933684,0.7648035526072343,101.1022076479548,57.74
Track 112,Artist 49,2021-02-16,0.20236336479523032,0.8419932110394631,-9.480407337632215,0.0048258731388079665,0.23039478801252578,0.25891672786092546,0.23494554525306988,0.8767107972646193,104.68824173423353,75.21
Track 113,Artist 26,2021-02-23,0.3059566241506525,0.0555679169068779,-56.665924985587324,0.0132368369119834,0.07604782527042536,0.07833486394244958,0.5317788432846094,0.9016418535664384,138.54501014691772,56.15
Track 114,Artist 35,2021-03-02,0.579219568941896,0.2806114361336559,-43.163313831980645,0.0015090968369087382,0.18334716891870095,0.05512970546831642,0.2043656937491969,0.9845686082507541,155.41595443455125,59.47
Track 115,Artist 29,2021-03-09,0.1767727829392317,0.3341300405015458,-39.952197569907256,0.06617325254753052,0.2852104977017609,0.2623193563102691,0.7262286969850658,0.9823666831045325,129.60615634448374,65.83
Track 116,Artist 18,2021-03-16,0.8566142840923755,0.1729944451915938,-49.62033328850437,0.0,0.5295959343005476,0.1581345289830978,0.19696645595947704,0.9529991327679814,102.05158558457134,57.57
Track 117,Artist 48,2021-03-23,0.7585195298352101,0.31389336980198923,-41.16639781188064,0.026073575262111688,0.18137786437994252,0.05339711279514709,0.29126326671434144,0.07182214050288438,126.77877044924136,48.36
Track 118,Artist 19,2021-03-30,0.7194629559509368,0.7426925667250857,-15.438445996494863,0.0,0.43514505718735297,0.14529598811190392,0.5065447783230054,0.1377935359278052,168.5494408867522,71.56
Track 119,Artist 49,2021-04-06,0.4320930397751037,0.014682843560070769,-59.11902938639575,0.06202106770640453,0.39127289256670694,0.027501144816626875,0.48670993414349495,0.3044665264760329,122.04845621437823,39.26
Track 120,Artist 22,2021-04-13,0.6273088407024432,0.8271734245206864,-10.369594528758817,0.02498925706218687,0.08064545376380255,0.09496065399336318,0.6008493764070294,0.5528982540644615,149.236817187872,92.98
Track 121,Artist 2,2021-04-20,0.5840979689127356,0.8565480235745582,-8.607118585526507,0.0,0.2835106699937568,0.10682847597504214,0.43744460049991696,0.0969778887054793,105.19341268322576,61.56
Track 122,Artist 2,2021-04-27,0.64984660155482,0.3722615731915482,-37.66430560850711,0.10428047014870294,0.3707360991713588,0.14310753769402298,0.9194733085100913,0.8457969578021425,119.15827896727227,60.13
Track 123,Artist 48,2021-05-04,0.08444432113988909,0.1536128990606348,-50.78322605636191,0.0,0.2549989436657883,0.30770598955754835,0.8399340941971882,0.6167561790773091,132.39130412251086,31.8
Track 124,Artist 26,2021-05-11,0.41580740217060963,0.6008404079450809,-23.949575523295145,0.08984718450141077,0.6127101255869059,0.16689608955067395,0.8791134512366384,0.542364402302205,127.94656616525728,38.43
Track 125,Artist 19,2021-05-18,0.04161417386189248,0.11967255586489434,-52.81964664810634,0.014947958800609777,0.41898797420053285,0.11287872494480347,0.6295165714034375,0.16531132336729115,104.67222639777678,19.59
Track 126,Artist 40,2021-05-25,0.49399081924451893,0.3649193610782525,-38.10483833530485,0.13007856889477132,0.31493090581002836,0.09171211603973581,0.6350079158608064,0.25325547440019736,103.80965085738801,53.9
Track 127,Artist 31,2021-06-01,0.3298612123327853,0.9584291809009724,-2.4942491459416587,0.08747752694630731,0.3058546372812606,0.07288594599794068,0.6091986837159487,0.16031202498225805,139.7656880620532,63.2
Track 128,Artist 33,2021-06-08,0.1445241888660469,0.9954644725836371,-0.2721316449817692,0.0,0.5021990128576236,0.22939353502361176,0.4348841544214562,0.8519331577947986,143.8310162530029,65.24
Track 129,Artist 34,2021-06-15,0.10340296772255164,0.7721048913545856,-13.673706518724863,0.0041458723894846825,0.09619821072097685,0.3479837014170909,0.3221060010672626,0.5842278600612182,150.2428711624384,49.19
Track 130,Artist 10,2021-06-22,0.587644572177712,0.3109615099207662,-41.342309404754026,0.08027626026121551,0.2123421166006864,0.1382340239630842,0.5920028874488703,0.7351294275196334,156.07860966505734,62.51
Track 131,Artist 5,2021-06-29,0.1705929685368861,0.6876650491660925,-18.74009705003445,0.036881093464491664,0.29259595956696605,0.2083118265081106,0.02553183713845031,0.29603286291002573,122.69238872645192,53.35
Track 132,Artist 36,2021-07-06,0.9251201183767972,0.7054063654840127,-17.67561807095924,0.041532874648931725,0.28998679331929983,0.08235672365707893,0.007456431423803034,0.37125263708827716,113.77601511536812,73.34
Track 133,Artist 2,2021-07-13,0.581061139700395,0.38784169516364975,-36.72949829018101,0.1136119430886049,0.15920478287661116,0.21863112473120308,0.8516418262967486,0.4048549644265338,147.01981877556938,56.71
Track 134,Artist 36,2021-07-20,0.34686980453483707,0.6408886345861594,-21.546681924830438,0.012565556331502178,0.3456242317666114,0.2445020147953569,0.046424044777622187,0.7600149717440349,134.26138563703174,52.94
Track 135,Artist 7,2021-07-27,0.5909154914814168,0.010727644975676243,-59.35634130145942,0.05456468860877273,0.010416422927863345,0.20010612506885106,0.5247951503334181,0.7723529876745681,100.35089482664817,59.53
Track 136,Artist 13,2021-08-03,0.022803871029697498,0.20905765860224146,-47.45654048386551,0.0977313896826153,0.3190885930488483,0.28455729658222206,0.6149877629496451,0.2068135275140317,99.32728668962177,0.0
Track 137,Artist 35,2021-08-10,0.9585592132414453,0.5250883029672612,-28.49470182196433,0.09045587441928002,0.02573075636180386,0.24509444648130246,0.1981712296224356,0.941538856738099,129.8386040271262,84.96
Track 138,Artist 31,2021-08-17,0.48230343694290023,0.16375130425829587,-50.17492174450225,0.04201936662396638,0.3367161756901021,0.20794339664494024,0.8957308382651483,0.1206553374436864,116.45450677032001,55.07
Track 139,Artist 39,2021-08-24,0.7827352272502862,0.16590686787653364,-50.04558792740798,0.035554705957367094,0.1718149227134357,0.1508360563602362,0.190095771748375,0.8961220824236303,119.47140090518604,52.22
Track 140,Artist 30,2021-08-31,0.08272999992243857,0.8363042905502379,-9.821742566985726,0.0,0.5336808850587027,0.14580260297634065,0.8845149873666747,0.1003956456498093,141.4506672942039,41.15
Track 141,Artist 3,2021-09-07,0.48665833083816035,0.9891330026836055,-0.6520198389836693,0.0,0.18425657369503348,0.08895199240161601,0.7629902693330352,0.2645398111513111,135.1807428997007,68.84
Track 142,Artist 42,2021-09-14,0.4907069943545209,0.5559694280284484,-26.641834318293093,0.06591796132873669,0.4259059824210775,0.01419235506617325,0.24074295352419395,0.846478536067957,146.59746496836863,61.11
Track 143,Artist 11,2021-09-21,0.9378264549749828,0.8390697308817134,-9.655816147097191,0.043105890552888194,0.42444646584603,0.24067780669245623,0.15074416627609355,0.17949207234608744,81.36927787253268,72.55
Track 144,Artist 7,2021-09-28,0.5717280523760754,0.9903216643262726,-0.5807001404236445,0.05374635392831132,0.17355142621320543,0.20234337508153816,0.3162327101862351,0.4135679313099698,125.06795834442401,75.19
Track 145,Artist 44,2021-10-05,0.4734894010569538,0.1415958885687747,-51.50424668587352,0.10196268048170304,0.1314284602829853,0.22956870533560958,0.3979505662702747,0.4498592999441262,133.89377044794412,45.86
Track 146,Artist 10,2021-10-12,0.2669756630918936,0.4482456132543511,-33.10526320473893,0.0,0.23449613073705433,0.37647261252638814,0.24578467649892344,0.24525897302320965,89.46828286624631,44.18
Track 147,Artist 27,2021-10-19,0.3315689973425522,0.3925727158419199,-36.44563704948481,0.0381909848883675,0.2178861664450674,0.11796759670718232,0.9988915487544232,0.7102452013359866,106.90208717380055,54.97
Track 148,Artist 24,2021-10-26,0.5206724024715378,0.08004928364618502,-55.1970429812289,0.05943554817056089,0.18567235467911858,0.18625078964756744,0.22965233623958103,0.8513346494022038,103.19029675342162,75.44
Track 149,Artist 38,2021-11-02,0.4389114603050467,0.7553301727947445,-14.680189632315333,0.014792003121274204,0.3561516774789333,0.1793329614028512,0.830634826982857,0.8745751398555718,120.43396342119833,70.78
Track 150,Artist 3,2021-11-09,0.021612079880330426,0.433779027322593,-33.97325836064442,0.12157385569637086,0.12804235597586908,0.023998441821702347,0.15911774709047277,0.33932214573656094,152.55707937388127,42.73
Track 151,Artist 6,2021-11-16,0.8262919241943578,0.4693269341904013,-31.840383948575923,0.09542934008065738,0.17949258972419518,0.27230240085078444,0.9802446252759475,0.5308503942878144,160.451788093298,54.59
Track 152,Artist 21,2021-11-23,0.8961607718397667,0.15067297381324019,-50.95962157120559,0.06450666635443777,0.21183719216963057,0.09177263390372051,0.22552345828308484,0.2484064038656515,103.71424893853435,46.79
Track 153,Artist 24,2021-11-30,0.14024908899861077,0.18092665223086812,-49.14440086614791,0.13971158896642932,0.4827529779094158,0.1253108511681719,0.42168855478359224,0.24479650155014543,130.5311450098715,35.49
Track 154,Artist 39,2021-12-07,0.5540361435390494,0.907103622156215,-5.573782670627104,0.0,0.18525741979819865,0.03172526562675157,0.5585640667679065,0.16125406285192412,131.1759570428463,55.82
Track 155,Artist 30,2021-12-14,0.10857574113544355,0.04464908897427888,-57.321054661543265,0.049613685944715914,0.3863054206547382,0.050603912454760494,0.12028571515609332,0.9400190108075147,127.75251543029495,23.46
Track 156,Artist 8,2021-12-21,0.6722400930398117,0.23285228494370624,-46.02886290337763,0.06831684844670305,0.653262272605416,0.1086920850880526,0.8168200674791013,0.8879888286055799,127.97959269478469,56.48
Track 157,Artist 48,2021-12-28,0.2812337838390083,0.29205933031452835,-42.4764401811283,0.004272247660303895,0.41887878999868816,0.2200928403566668,0.27468553268082985,0.7773587133276922,126.07485004902657,56.64
Track 158,Artist 23,2022-01-04,0.6594226346919018,0.4901975424015864,-30.588147455904814,0.06503572709088642,0.2464855888875706,0.017625776129342262,0.5492699016016638,0.517661521287729,153.7514024161284,64.38
Track 159,Artist 48,2022-01-11,0.7269946142868826,0.5864451730147959,-24.813289619112247,0.0,0.2820845249990463,0.08195138463689976,0.5496338106932469,0.4906079155118719,142.04933028736116,64.08
Track 160,Artist 49,2022-01-18,0.768647491917657,0.4932899758506666,-30.402601448960006,0.08452786591371267,0.37537892472729356,0.05182630983361871,0.602640652325785,0.529745666182498,98.79692204803466,48.32
Track 161,Artist 3,2022-01-25,0.10774094595589656,0.08411533455688203,-54.95307992658708,0.10289173840644533,0.5148994856871765,0.20805923513211325,0.05548598652431469,0.5365680135770893,135.914421617611,30.9
Track 162,Artist 25,2022-02-01,0.9160118451376079,0.24366745405571355,-45.37995275665719,0.06361667005641641,0.3072082556233288,0.13860513089228887,0.16861876183156788,0.43456308469769034,137.84746749022904,62.6
Track 163,Artist 21,2022-02-08,0.23021399089488082,0.8435883847625412,-9.384696914247527,0.0,0.43558542375902903,0.09647511606476408,0.1611922429233642,0.13175483289206746,126.29934574303577,34.37
Track 164,Artist 25,2022-02-15,0.03741255617617978,0.6375887004784591,-21.744677971292454,0.0016603239416982732,0.31635633659229867,0.10334471880624005,0.30205125941585187,0.12566385286853599,142.6284874100546,47.82
Track 165,Artist 16,2022-02-22,0.5548524693914834,0.6491490501342744,-21.05105699194354,0.07823550016065804,0.23235592276297312,0.15258300908732753,0.14491415685833986,0.9522497158456833,123.76148068598074,77.82
Track 166,Artist 28,2022-03-01,0.37092228386243875,0.6702032553513549,-19.787804678918704,0.05105993217561829,0.22498889296762137,0.07932283397836225,0.9219213207742897,0.48203075958635055,124.00935442152502,68.6
Track 167,Artist 25,2022-03-08,0.8297897431324132,0.7629030190395291,-14.225818857628255,0.0,0.31757066664879197,0.38371535036066595,0.5129544505113007,0.953205524905189,122.42481089354087,84.4
Track 168,Artist 10,2022-03-15,0.8082514720643018,0.058108481721447336,-56.51349109671316,0.11214151919341203,0.31257531466923855,0.3003561572724144,0.6235751477026844,0.16357687771010998,79.63511828400662,43.99
Track 169,Artist 15,2022-03-22,0.31713889282271535,0.3666083849326124,-38.00349690404326,0.05683282531269162,0.44202805954733226,0.14255685340280522,0.35748817539812083,0.5544165520399336,118.39203212188252,48.57
Track 170,Artist 8,2022-03-29,0.952899395069745,0.5395274352616787,-27.62835388429928,0.009046266799997746,0.06286164852622589,0.27668445748917647,0.27624614103391154,0.20771725335153923,106.63498851090858,70.78
Track 171,Artist 42,2022-04-05,0.2909178381401186,0.338456483297326,-39.69261100216044,0.09974777987833322,0.3403267410571298,0.16964574678879574,0.503177170232213,0.25318460612660154,96.27104043614885,23.04
Track 172,Artist 34,2022-04-12,0.5150571292317145,0.8444788732871865,-9.331267602768811,0.016122999354655054,0.44748901544658,0.21876452152513481,0.2943229748348336,0.030054578761178785,148.68036569479045,41.6
Track 173,Artist 19,2022-04-19,0.25596509056760275,0.48257250858729395,-31.045649484762365,0.01557739411978927,0.602184204209956,0.12844882450296086,0.34364592572976427,0.11895331074021132,130.08415037068914,28.97
Track 174,Artist 20,2022-04-26,0.9360435700489633,0.7686275894593791,-13.882344632437253,0.06791763255070181,0.07904018375931926,0.4565317000311939,0.45275087427085714,0.9168484076291957,119.40337838110905,83.96
Track 175,Artist 4,2022-05-03,0.16460781758201815,0.852015516881169,-8.879068987129855,0.13905192296211474,0.229886525779756,0.3788286540162678,0.5057336871843555,0.3215329914823317,108.70393297795147,53.05
Track 176,Artist 15,2022-05-10,0.04491061939232899,0.5047914829034981,-29.712511025790114,0.13117935889864432,0.35882983478493097,0.004065232897584094,0.9843140117818387,0.6081292119145916,125.92339169257481,49.68
Track 177,Artist 46,2022-05-17,0.43509706000303794,0.9095522438713499,-5.426865367719003,0.06798557494520534,0.2420630629734408,0.061964764853521426,0.2233225881619405,0.465014131989273,139.82872186635026,75.89
Track 178,Artist 2,2022-05-24,0.992375564055837,0.5871239405369806,-24.772563567781162,0.07311928294251599,0.7284654442925067,0.1947008372147007,0.48797616488264717,0.4004512452452783,103.46068312906118,69.16
Track 179,Artist 8,2022-05-31,0.891677266254914,0.8502742988337217,-8.983542069976693,0.08957494660424126,0.4655665325903658,0.20954299730276937,0.14951173948933894,0.5318860913460681,119.9034325544678,66.25
Track 180,Artist 42,2022-06-07,0.7486080194569492,0.3405907955915243,-39.56455226450854,0.0,0.28478903477069006,0.06687297868158094,0.3499992327079726,0.18723894461534152,137.36132997702344,54.11
Track 181,Artist 26,2022-06-14,0.8907924908785249,0.4988169585314852,-30.070982488110886,0.08220741685759914,0.43789500860084063,0.2711870100935291,0.7173107187064043,0.9886038985195765,81.2799774183174,65.65
Track 182,Artist 2,2022-06-21,0.8934466396978632,0.5314110410045777,-28.11533753972534,0.013296326592823593,0.03962182342160331,0.0879929165898822,0.17446214376057456,0.818307868703863,118.84860475189191,77.8
Track 183,Artist 24,2022-06-28,0.5188583603864491,0.10497971589607058,-53.70121704623577,0.06592390333982903,0.46176607599741826,0.15834170582028217,0.5813513075500432,0.7416146327315153,111.41417258904923,48.66
Track 184,Artist 37,2022-07-05,0.315929051830793,0.39855250670154063,-36.08684959790756,0.03862661861963314,0.4412246169516684,0.16872861862913233,0.4167010235680072,0.46875929701395247,117.32340284489932,17.64
Track 185,Artist 17,2022-07-12,0.772012432110988,0.9173376725516761,-4.959739646899436,0.07506041635571073,0.10284644000815171,0.06583828189218373,0.05157954440447299,0.15287712212633597,109.96742887256194,88.86
Track 186,Artist 19,2022-07-19,0.6616612631677611,0.6308322403647424,-22.15006557811546,0.05590517325032301,0.28147759055240856,0.18242084476368448,0.9330752414784446,0.9206658582735678,122.75249210414592,78.82
Track 187,Artist 31,2022-07-26,0.37365772887371007,0.17750658243696749,-49.34960505378195,0.0,0.6093211651015297,0.07375385564601723,0.41360314029288636,0.34138706738172764,158.47254440845435,31.17
Track 188,Artist 30,2022-08-02,0.09446666806151527,0.33885563560960497,-39.6686618634237,0.058944585585259036,0.30877845035263324,0.0464849270767535,0.7839265357511662,0.05010668969693377,113.52155052142898,45.16
Track 189,Artist 45,2022-08-09,0.746789611349026,0.19160300966269983,-48.50381942023801,0.08210764761496314,0.1650174548583944,0.012938111719024623,0.4163134887318003,0.34240367681062867,125.83422018188213,50.68
Track 190,Artist 13,2022-08-16,0.2624605159228647,0.02482313179857254,-58.51061209208565,0.07229641741692269,0.42138235805915963,0.2627565684707596,0.9373603215787846,0.7944570304958843,159.89492836818226,41.23
Track 191,Artist 14,2022-08-23,0.9368131505337792,0.9274604585040267,-4.352372489758395,0.044870702689571024,0.3039352467660884,0.19514298824733348,0.29047033442889747,0.6227087449882082,108.9996884325489,77.98
Track 192,Artist 8,2022-08-30,0.24097057500568475,0.4482073282568715,-33.10756030458771,0.1321080845965203,0.1539991504242121,0.15882667667349024,0.41223064968769685,0.7508385847448596,156.2935069785794,68.26
Track 193,Artist 33,2022-09-06,0.12275793241148603,0.30753507242078615,-41.547895654752836,0.06556865645608306,0.5679142687107716,0.06475432929862554,0.7588642402592863,0.7936353838623774,120.10646013254214,41.87
Track 194,Artist 27,2022-09-13,0.8311126721249061,0.5984771915577366,-24.0913685065358,0.07188366500965532,0.0790425619554905,0.0828199020529835,0.3436673152808569,0.2119546110805426,155.63792451729853,67.97
Track 195,Artist 18,2022-09-20,0.15328431662449404,0.0073144562930156365,-59.56113262241906,0.10222459470252844,0.5270730437649593,0.20272235230581923,0.36435707133517936,0.9237833160931802,135.0040224989264,44.94
Track 196,Artist 35,2022-09-27,0.1792683081577391,0.27802210660081383,-43.31867360395117,0.06812964998482994,0.2557410897487061,0.09210849943451055,0.9948231734142234,0.4379896029203726,126.14216725164843,45.71
Track 197,Artist 19,2022-10-04,0.5993827915208435,0.7030334656988926,-17.817992058066444,0.0050991123292898205,0.13461122513441637,0.31202480371449953,0.555614525690352,0.6390136492641646,118.68738636226827,68.26
Track 198,Artist 10,2022-10-11,0.8745620408374645,0.633769773069263,-21.97381361584422,0.0,0.18837780541054958,0.2561581689594127,0.6893804536701481,0.002308772586742003,107.51917120241579,67.79
Track 199,Artist 27,2022-10-18,0.19643466571457324,0.9818059475425355,-1.0916431474478685,0.02614395489909593,0.3465364961426181,0.15302686436668078,0.6434622341536098,0.993368498411178,121.51583099928706,91.73
Track 200,Artist 22,2022-10-25,0.31032367290009477,0.620357709658044,-22.77853742051736,0.08804727629405583,0.4199256590925644,0.17542350189772166,0.8279241471565723,0.2808963859641551,137.94722918040048,50.17
Track 201,Artist 20,2022-11-01,0.7774048382411776,0.4775058736277328,-31.349647582336033,0.032345183429109706,0.4313149019111292,0.23352134467012284,0.861825099441743,0.06206310654015523,119.73777138006659,50.96
Track 202,Artist 22,2022-11-08,0.9718264260609674,0.7614325631840076,-14.314046208959539,0.09005891861408648,0.25275761475942654,0.40439173444521564,0.5632561324703096,0.45826204153651395,113.66754389876284,74.09
Track 203,Artist 45,2022-11-15,0.5007411862023423,0.9033278719640531,-5.800327682156819,0.05743640879601365,0.20108251625222207,0.3787943682756858,0.29455607496639935,0.12903005718204175,114.98434931644454,67.23
Track 204,Artist 11,2022-11-22,0.14389750255125078,0.7206959467183516,-16.758243196898903,0.11440330351310923,0.29214136984617445,0.05273196719094292,0.022800247574969457,0.1523267101575757,139.84953227166108,40.43
Track 205,Artist 14,2022-11-29,0.013936287708201545,0.9632112235493796,-2.2073265870372225,0.035239164643966946,0.07109767229612997,0.09267298050827492,0.6144032510643201,0.6322828130302102,144.5032291019971,63.03
Track 206,Artist 28,2022-12-06,0.22965602999885526,0.7820051707381772,-13.079689755709367,0.0733807413283844,0.3685867814688328,0.050667393953617856,0.8254688332656196,0.39292739157023326,106.6569897246326,42.51
Track 207,Artist 3,2022-12-13,0.13182221778652103,0.8668014382619265,-7.991913704284414,0.07529425322676797,0.12099082519358284,0.2600144921607988,0.4505398055116595,0.9218524501549951,106.6282428510502,57.85
Track 208,Artist 8,2022-12-20,0.6776586736128575,0.11410407118363719,-53.15375572898177,0.12508009363155964,0.15316816032467082,0.32133776106312395,0.1647061404908643,0.31915649460807005,127.58717839334224,40.12
Track 209,Artist 28,2022-12-27,0.12183250462853112,0.7324135029937877,-16.05518982037274,0.0,0.5739882309212251,0.07453707254414026,0.2880820729356409,0.7261801283839011,150.55064129514508,53.8
Track 210,Artist 25,2023-01-03,0.506329931620633,0.4400886995273686,-33.59467802835788,0.027079586272342124,0.2129269703796663,0.11321032720535273,0.5099889295118646,0.4610994301549076,142.9198061662512,69.42
Track 211,Artist 32,2023-01-10,0.6942624356428865,0.5531038024112752,-26.813771855323488,0.0924258052694252,0.24780069312140113,0.07467608343836872,0.8366812189776666,0.6599513011292788,94.96295575640177,71.54
Track 212,Artist 6,2023-01-17,0.5811166092209024,0.6541024094823568,-20.753855431058597,0.1272948239889324,0.1414541962903822,0.05283528663784369,0.17175314606842063,0.5996953567159904,114.71848060016276,60.26
Track 213,Artist 42,2023-01-24,0.19977565166005762,0.9698151167055694,-1.8110929976658383,0.06200357563210402,0.1568966308814787,0.48166563246370653,0.6121498757095142,0.4727839727589982,101.38792890620975,52.92
Track 214,Artist 24,2023-01-31,0.8041245261822627,0.9845780814316246,-0.9253151141025242,0.03536479177892565,0.28415603927543803,0.1479258492336591,0.7533686139505454,0.9500610946244371,114.64974956169483,100.0
Track 215,Artist 8,2023-02-07,0.7154071296158017,0.28822824548790527,-42.706305270725686,0.08785591843372224,0.23374665169401287,0.18297977496645204,0.9360475203348232,0.34271364275495586,152.0881999207071,62.98
Track 216,Artist 16,2023-02-14,0.7389840039155418,0.7337534974379162,-15.974790153725031,0.09343513376158416,0.15748759656117775,0.4215416477886598,0.11670369167885941,0.17723550124927256,91.54798702433965,58.67
Track 217,Artist 12,2023-02-21,0.13105775155731325,0.7499835379352686,-15.000987723883881,0.03201691606663464,0.3831832270082882,0.40239218324422293,0.9263916341645574,0.6780940608798283,87.6226941343962,48.52
Track 218,Artist 23,2023-02-28,0.12375380365034461,0.3464928613130488,-39.21042832121707,0.06651536560887732,0.4547453584216134,0.027566121993864035,0.6014675351744795,0.8460075613079088,103.42891693132795,54.94
Track 219,Artist 23,2023-03-07,0.9275625510065076,0.12386977486422102,-52.56781350814674,0.10902636312059848,0.10509995783057145,0.12712830267368944,0.766701587432286,0.04025373993992376,125.74621205151986,42.25
Track 220,Artist 22,2023-03-14,0.39757819382494064,0.04094696028571976,-57.54318238285681,0.1445229496637226,0.1933340352360875,0.1970923468530884,0.05377470956855546,0.44963268842268056,132.41509641281513,40.67
Track 221,Artist 23,2023-03-21,0.30094869178093975,0.7773431275291786,-13.359412348249286,0.0871302479617646,0.6464391918659206,0.37966281414208797,0.5061481556405951,0.8924876896873263,128.74896869723065,75.61
Track 222,Artist 45,2023-03-28,0.4885840453515333,0.4896997418169059,-30.618015490985645,0.05220694483327966,0.24138264860940684,0.16204376022673794,0.6226296740807937,0.7496186189228675,143.51370806462032,64.2
Track 223,Artist 47,2023-04-04,0.6628642127635824,0.9855401694949262,-0.867589830304432,0.04729624119810459,0.07197675039691202,0.03030089192719458,0.3068338398728402,0.9918077164976282,84.73828811532141,83.5
Track 224,Artist 25,2023-04-11,0.9556232570469699,0.46497345619365305,-32.101592628380814,0.07786982785968115,0.1550777487948658,0.1253133678728315,0.43165020810125265,0.5314138115972438,143.76673076717873,74.42
Track 225,Artist 48,2023-04-18,0.286446226882055,0.9779169790738402,-1.3249812555695826,0.04421635787602749,0.38186148526707225,0.005249905947295537,0.554298135279598,0.6599957188011513,113.75809359907417,64.31
Track 226,Artist 41,2023-04-25,0.9248084293120271,0.4115760021940599,-35.30543986835641,0.059482024951119414,0.039176755008908416,0.19888652022991285,0.5525479397729799,0.30248028113792813,134.62988619609735,54.18
Track 227,Artist 41,2023-05-02,0.024859491386256316,0.7936821505599726,-12.379070966401642,0.0,0.5391721429161238,0.22498539563829648,0.041861525406838074,0.9475355996659923,93.53149146473591,59.36
Track 228,Artist 12,2023-05-09,0.5551980423268247,0.08481927231183206,-54.91084366129007,0.11485285982455795,0.46466905583415924,0.1424511588496309,0.4394817665788924,0.3663354885565363,120.0991339401814,46.48
Track 229,Artist 22,2023-05-16,0.6339751116810851,0.5554617101377639,-26.672297391734162,0.0,0.429871289813568,0.3085893002583091,0.21381815479223087,0.7385107126866286,124.72541541178028,59.3
Track 230,Artist 18,2023-05-23,0.1058974037507533,0.8020597869857242,-11.876412780856548,0.028394411977349373,0.16102921282616,0.040851485759553184,0.9166950780853498,0.4031402041190819,143.11502074996835,54.54
Track 231,Artist 5,2023-05-30,0.14033959706391264,0.9247016672198887,-4.517899966806681,0.05487966304259069,0.2743541444761143,0.1735385777537637,0.9765799901233341,0.5618189300629993,88.2949075478447,52.35
Track 232,Artist 4,2023-06-06,0.41911431931630383,0.8225830906174316,-10.645014562954103,0.14954934399443193,0.36872442538127154,0.07231011676501403,0.2996468963520691,0.7197825350215462,120.61505097069808,65.58
Track 233,Artist 31,2023-06-13,0.9662319121431817,0.036970727201174225,-57.781756367929546,0.028865850757383633,0.18117147468569977,0.08997657036683615,0.17518539725105875,0.5089341517513543,98.29529417715713,51.46
Track 234,Artist 21,2023-06-20,0.5960425532343728,0.3727023413067342,-37.63785952159595,0.016699209301980183,0.572211645192924,0.08438615506457546,0.21950415094834308,0.9070863269095085,130.1099208841655,51.71
Track 235,Artist 41,2023-06-27,0.9330232216002112,0.04869847231385127,-57.078091661168926,0.022459154133310313,0.24302814003089274,0.18529704438714945,0.47775225535295374,0.41930098792781023,135.54433072912252,67.58
Track 236,Artist 33,2023-07-04,0.8043609156129707,0.109282291114558,-53.44306253312652,0.13294485838056563,0.3314721413924742,0.16847362154857387,0.8745055991131784,0.6470717981433252,145.74340485016177,59.74
Track 237,Artist 5,2023-07-11,0.4673816015552915,0.6753056286674841,-19.481662279950953,0.0,0.24711959652865476,0.16645407537925236,0.5000362149376396,0.3423624333000541,109.2994109138325,61.08
Track 238,Artist 42,2023-07-18,0.7847634492521874,0.7132581963116982,-17.204508221298113,0.0,0.15191331453591184,0.2623201838308391,0.05539206171529765,0.40815666823101304,138.5445297137758,75.52
Track 239,Artist 25,2023-07-25,0.017836783976987736,0.7737206827516263,-13.576759034902423,0.18656443545797757,0.5333753303924842,0.12948550307215503,0.03988560271314401,0.4400501082335524,147.21803174954107,50.23
Track 240,Artist 28,2023-08-01,0.10914399676573494,0.8654565480556629,-8.07260711666023,0.07954410367458185,0.31554056127163305,0.11048008767150111,0.22739094562284856,0.12580701831228525,87.13506060289066,41.93
Track 241,Artist 48,2023-08-08,0.8294286148827363,0.7394314684765099,-15.634111891409411,0.0,0.1375655738146824,0.3688505539976352,0.8427712776094288,0.09172367905900669,132.24689840196902,66.35
Track 242,Artist 32,2023-08-15,0.7968170883251617,0.8008715921066321,-11.947704473602073,0.047904100891261424,0.3212966577211021,0.052074382993079475,0.621480557535144,0.6674899231467579,139.17022507560213,76.55
Track 243,Artist 2,2023-08-22,0.2326407419664337,0.048963709823279244,-57.06217741060325,0.05337272830339308,0.7134221923384635,0.0723182966799428,0.5629578537862915,0.6555177383430523,114.82547227225125,34.73
Track 244,Artist 9,2023-08-29,0.5307695905990535,0.23453515044129858,-45.92789097352208,0.0923062622952803,0.1554111870587404,0.3466335311872866,0.3189695925826421,0.6629097142100953,95.78452844949783,52.85
Track 245,Artist 21,2023-09-05,0.6060158207000109,0.6218977733752458,-22.686133597485252,0.14197510014112819,0.3409252757971614,0.2559135678056901,0.9294254050461873,0.019766445342691674,138.85911512219326,47.59
Track 246,Artist 2,2023-09-12,0.8677389537760112,0.8581253046248232,-8.512481722510607,0.06942758406396078,0.2668159502489741,0.10340373863817022,0.33117824496213244,0.3265468426717799,96.00982344884486,62.07
Track 247,Artist 9,2023-09-19,0.6031071573387257,0.0045001249396591225,-59.72999250362045,0.023010584849351964,0.42694911536685115,0.08073096808353628,0.8349444126529467,0.19780984725919692,116.43297130978195,36.92
Track 248,Artist 39,2023-09-26,0.4125715692736803,0.5146293421163498,-29.12223947301901,0.08935422210491022,0.39450360864240225,0.09447224344365408,0.8959035179758841,0.7781514225440124,119.19751884393342,57.98
Track 249,Artist 7,2023-10-03,0.3741840434071827,0.6772873993643972,-19.36275603813617,0.01508736515685695,0.2240940708554772,0.2759826477122554,0.4833350132161367,0.8606304013961301,134.31076103407997,51.65
Track 250,Artist 9,2023-10-10,0.4258820863735099,0.029607289128613212,-58.223562652283206,0.0,0.19428261923942525,0.1316044278803174,0.8942892694807426,0.24668037722614733,107.46736880974935,39.96
Track 251,Artist 25,2023-10-17,0.6519310255799742,0.4013555575533879,-35.91866654679673,0.0,0.27982972662391736,0.0551323433547185,0.2768032873910471,0.6678491588479863,106.3083262234429,68.42
Track 252,Artist 5,2023-10-24,0.8674906317523249,0.8956348813836968,-6.261907116978186,0.0,0.7853462862804328,0.23295524373823392,0.6584334261832758,0.12936280345827444,121.97830957526222,79.46
Track 253,Artist 13,2023-10-31,0.45389688207629975,0.6716128088558587,-19.703231468648475,0.005177742193786403,0.05936134101494429,0.058021892295993346,0.08796374852438626,0.2751525256017133,140.12780955239498,56.71
Track 254,Artist 46,2023-11-07,0.24783956295135812,0.2376583633605973,-45.740498198364165,0.0,0.47661273328581505,0.09780911402813547,0.4739342140923939,0.13865449623341952,165.74900001306293,27.83
Track 255,Artist 31,2023-11-14,0.23666236299758114,0.8527811296319127,-8.83313222208524,0.06566182636873587,0.11880605160180985,0.27892895791039246,0.2173318021583479,0.2835207665992292,89.8503760044245,44.91
Track 256,Artist 48,2023-11-21,0.7460142802434464,0.3480314234095143,-39.11811459542914,0.0,0.25514551630700816,0.16166326522419694,0.06276327793060288,0.6747365473492779,126.30684035573157,63.25
Track 257,Artist 18,2023-11-28,0.8165687634239104,0.8533446711440594,-8.799319731356434,0.0,0.17925347256013513,0.3830479715350533,0.0037255080776207317,0.9103269101852525,98.26929947531417,83.03
Track 258,Artist 31,2023-12-05,0.10527807985412496,0.29894365111890553,-42.06338093286567,0.0,0.48194610041696595,0.13225176755387355,0.32475211644080837,0.20252240792418597,140.37622486413485,23.1
Track 259,Artist 12,2023-12-12,0.06655885695517816,0.590320250883149,-24.58078494701106,0.026407017613929034,0.28181112002810554,0.1101551943042456,0.5895305945367628,0.5420790349507192,101.22910905381534,46.07
Track 260,Artist 19,2023-12-19,0.5944336637564518,0.3969400677478341,-36.18359593512996,0.01972752560640173,0.5657100722236503,0.09274934703540394,0.45523034765115733,0.7013911012434323,106.50703563635352,39.95
Track 261,Artist 9,2023-12-26,0.14617324419269828,0.274825050755067,-43.51049695469598,0.1259762339654592,0.33088094914648375,0.2628502010005298,0.3017692985194961,0.9529224684855657,108.21458281872007,52.69
Track 262,Artist 41,2024-01-02,0.8246641904563413,0.8865575621718692,-6.80654626968785,0.019322872035542494,0.269291304240459,0.1393035535757853,0.9912000307762511,0.6100604828871738,118.47602122560392,74.82
Track 263,Artist 10,2024-01-09,0.31033467392407443,0.18759368193949133,-48.74437908363052,0.0940461731599599,0.10903697694438334,0.22018734347211658,0.9395250399796778,0.2551069310273807,126.46395193717414,38.47
Track 264,Artist 11,2024-01-16,0.14387193297114265,0.0848115912357631,-54.91130452585421,0.04905087001595692,0.5240617148275594,0.05306413881281203,0.12565330683749687,0.6254781569139363,129.67402787217029,21.67
Track 265,Artist 23,2024-01-23,0.9209704724874502,0.34192693854566036,-39.484383687260376,0.047884763716370064,0.14429307905995137,0.271459158939374,0.41510742666849476,0.32049116167801617,119.88464907634433,54.82
Track 266,Artist 22,2024-01-30,0.16553172273527816,0.7176391476415676,-16.941651141505943,0.008230985557598151,0.35202005167778905,0.16150511594447362,0.6488469339936108,0.9761283906917078,93.40217955118837,59.78
Track 267,Artist 16,2024-02-06,0.28472008233793555,0.8074316059762817,-11.554103641423097,0.04706086742096165,0.6280390956551719,0.16092482408909894,0.7334907975299367,0.39967613516363687,134.55572300620378,51.66
Track 268,Artist 18,2024-02-13,0.15361339519205863,0.9987433700667648,-0.07539779599410679,0.011745193655129153,0.5421558478184566,0.09375184269356039,0.3663721549094904,0.6854277207610142,118.94082672673945,64.98
Track 269,Artist 15,2024-02-20,0.11549006366535497,0.2963620570111649,-42.21827657933011,0.05850121571272853,0.3659988237452141,0.30020459300453983,0.7462818127353477,0.02322758234675848,143.234695800294,37.11
Track 270,Artist 45,2024-02-27,0.021148016336440034,0.4079419511312822,-35.52348293212307,0.03818751836881559,0.2706045883151198,0.20546577993785334,0.12415001291067829,0.40006144613475536,105.84522441040127,40.89
Track 271,Artist 29,2024-03-05,0.05539540916426011,0.1368212780296263,-51.79072331822242,0.0027686033404199922,0.2232009411257809,0.1403532196403102,0.3318126252577047,0.8751076133225116,87.9545054529801,47.75
Track 272,Artist 46,2024-03-12,0.1746414709358527,0.5748719296230336,-25.507684222617982,0.09959471698502977,0.01894236985726149,0.03249333658621579,0.716433175755905,0.6102274444332458,119.31947994633849,68.82
Track 273,Artist 49,2024-03-19,0.05338193262717539,0.9975800372629172,-0.14519776422496733,0.07134202400107127,0.2788913836385008,0.16649047578483808,0.6256827902603751,0.44394288639597634,145.9190537656853,62.61
Track 274,Artist 32,2024-03-26,0.5911438161109712,0.7008810101206585,-17.94713939276049,0.02759686329288759,0.2685207561832771,0.13316631255898945,0.8372102148616549,0.9359374994357259,123.21884273232102,75.54
Track 275,Artist 41,2024-04-02,0.6807145267995064,0.5952128404133717,-24.287229575197692,0.0572746523517655,0.431943731716513,0.0835355142959089,0.04685702266715508,0.8539843761472291,116.00660401654287,76.16
Track 276,Artist 6,2024-04-09,0.39363045683202824,0.392369092921794,-36.45785442469236,0.04580887392490182,0.11822358074246957,0.11012387857131277,0.17439171782304852,0.32221567382293825,102.59305964685134,55.43
Track 277,Artist 47,2024-04-16,0.3179910969520494,0.9152987602855548,-5.082074382866715,0.0066204531368363045,0.38183797644668,0.28217255540225555,0.04849458227196646,0.5445484020413396,155.15532933361646,66.35
Track 278,Artist 24,2024-04-23,0.5045262370222301,0.49691659613034944,-30.185004232179033,0.053524811451058196,0.2785457618839845,0.11731787329880866,0.19211422424921132,0.4898242560924627,99.40794810230442,43.27
Track 279,Artist 35,2024-04-30,0.8750049422346086,0.1343669133130615,-51.93798520121631,0.018949412259631277,0.2291930313814119,0.03939330875672768,0.004282810632935008,0.6322025001148623,105.4921148474352,52.28
Track 280,Artist 13,2024-05-07,0.851131626822206,0.3653784631991335,-38.07729220805199,0.0027533082189950403,0.223813470578728,0.13829401685285533,0.5042103016788663,0.3341112669587556,131.40068392168047,57.46
Track 281,Artist 5,2024-05-14,0.04347506201279194,0.0671666688477669,-55.969999869133986,0.0,0.2288315264580268,0.05319950260109504,0.5283143955682554,0.24420500076588825,82.8795862022642,30.86
Track 282,Artist 44,2024-05-21,0.18149840959652408,0.20197903768878156,-47.881257738673106,0.03206963232306846,0.17649287418679083,0.07881002727528887,0.6578917814059948,0.9126718352555361,145.49181330762678,51.41
Track 283,Artist 23,2024-05-28,0.23674487110439602,0.017668780999912204,-58.93987314000527,0.07834853297918618,0.3713084087408162,0.5772074423408275,0.38491244720104345,0.9238744994985063,132.4838622843471,45.15
Track 284,Artist 7,2024-06-04,0.24938757583221183,0.4532799165001634,-32.803205009990194,0.015267032331057022,0.41507819506859195,0.13322456855956705,0.003207690685184006,0.843322885761979,137.9846214362222,62.67
Track 285,Artist 33,2024-06-11,0.5712326517427727,0.6345402649517972,-21.92758410289217,0.1760354346078985,0.10429866828272305,0.19448635169243883,0.6738911544076371,0.9782044307645613,131.16234023899307,84.61
Track 286,Artist 3,2024-06-18,0.4162624257031923,0.34329246237890776,-39.40245225726554,0.09428428268263662,0.23017223355397423,0.16425408259053306,0.05429108774791258,0.7449915257796885,116.7775296508726,62.59
Track 287,Artist 23,2024-06-25,0.04925411992759399,0.4203817715052771,-34.77709370968337,0.11521650663302391,0.06670898559083685,0.03457315414883083,0.8661704308177439,0.7646672285619996,98.73702579689154,43.87
Track 288,Artist 35,2024-07-02,0.3736141384595716,0.9592092728445759,-2.4474436293254485,0.08976215060368793,0.38901332642676056,0.1642391975414782,0.022653987707937362,0.7625900919626407,117.19849117550079,72.16
Track 289,Artist 36,2024-07-09,0.5237529487176372,0.7519631215749155,-14.882212705505069,0.14264324874692863,0.35491180593001254,0.13463939358481558,0.5304751232566325,0.4806076309423065,100.4952737649473,56.64
Track 290,Artist 23,2024-07-16,0.10167190290371597,0.5408566369449512,-27.548601783302928,0.01064990082637289,0.5343345153144067,0.34482498250020216,0.8949178823855207,0.45645219451427166,129.72310620152768,27.07
Track 291,Artist 19,2024-07-23,0.8334585537885597,0.28454087511182524,-42.92754749329049,0.0,0.7474381943727753,0.10702357206046617,0.5724895757887801,0.24022627614900316,136.13559661096204,43.8
Track 292,Artist 42,2024-07-30,0.051961866465104256,0.8969967987729952,-6.18019207362029,0.02769371958235585,0.4070910826239527,0.3003885679226611,0.60841674654393,0.6448191943592905,149.53617262396415,66.19
Track 293,Artist 10,2024-08-06,0.9248418690180621,0.23509711688065948,-45.89417298716043,0.07791092877737689,0.41731607717056934,0.06780463698777107,0.6816108483374057,0.28932013610233454,127.43535281105727,57.48
Track 294,Artist 4,2024-08-13,0.0991131415798755,0.32534273051667706,-40.47943616899938,0.05757584858739893,0.38871620863424516,0.1720761023869915,0.12240884773046701,0.2578084097023544,138.49150713190372,46.7
Track 295,Artist 8,2024-08-20,0.8435749515977528,0.9090648144229485,-5.456111134623086,0.06377363054838919,0.1932821505089188,0.0488332475365427,0.6749271008105595,0.5859613740960548,114.05710525539716,83.94
Track 296,Artist 40,2024-08-27,0.9026531439276171,0.5295420552850724,-28.22747668289566,0.11604550013349363,0.5396547124540491,0.20572559343145233,0.8803548820128152,0.4099823882250432,110.4344572398361,79.27
Track 297,Artist 24,2024-09-03,0.9795706805865927,0.7423179494179767,-15.4609230349214,0.06910287872312498,0.500373726534079,0.06003448408437834,0.9742208328353165,0.2188566087946322,129.47343781633603,70.13
Track 298,Artist 2,2024-09-10,0.8020258802735936,0.5907447941637661,-24.555312350174034,0.08994564637955108,0.2230991296974255,0.01902253370563082,0.44305199935834705,0.8160560167528311,112.27054254566183,76.24
Track 299,Artist 9,2024-09-17,0.7794775407713289,0.6534392090094951,-20.79364745943029,0.0030218629073620537,0.2786811649231129,0.06377049847893375,0.34450485167754685,0.860569919294376,125.38371577655316,67.87
Track 300,Artist 2,2024-09-24,0.6424832759955477,0.29938329151482557,-42.037002509110465,0.0,0.33581943752616505,0.20126911707111078,0.753309615596317,0.16769951967778096,98.77615621329159,52.83
Track 301,Artist 40,2024-10-01,0.778996354578129,0.24137206162666291,-45.517676302400226,0.1307056961512244,0.39177327378934174,0.1270499690422172,0.5428742880953146,0.007507032799999869,102.36744635047398,37.9
Track 302,Artist 23,2024-10-08,0.13455220841314708,0.32249234716866526,-40.65045916988008,0.055045076757353394,0.5779452990528532,0.02753465983459026,0.2573046544550305,0.3361299685293737,132.70818602036582,27.76
Track 303,Artist 4,2024-10-15,0.5360680359476373,0.15544156408342247,-50.673506154994655,0.01883854082769326,0.6932383784757228,0.1796136582720277,0.17215788496970297,0.7975108356807525,137.73380150812193,55.2
Track 304,Artist 11,2024-10-22,0.5142228701904145,0.8743143652908074,-7.541138082551555,0.018930275322644092,0.09391783809551194,0.15233763630220692,0.1702303005927437,0.8391738662343244,100.28687662066639,85.73
Track 305,Artist 31,2024-10-29,0.8575721441225576,0.2832469332501141,-43.005184004993154,0.017543843918087124,0.2536988128350337,0.0663589565605162,0.45917703660615206,0.13832907011604922,133.4122862101284,61.64
Track 306,Artist 30,2024-11-05,0.46279936559351587,0.5614893944143846,-26.31063633513692,0.014552048947707917,0.17885448769100606,0.10752736217103258,0.17012440561565012,0.7743359011830512,109.3452865392945,61.28
Track 307,Artist 41,2024-11-12,0.3850894961003535,0.7919744251413741,-12.481534491517557,0.0,0.12780865950127804,0.13312549510521046,0.019718944011485773,0.11570416730942945,120.3301035240062,54.24
Track 308,Artist 2,2024-11-19,0.6395632712371101,0.7838241093757136,-12.970553437457184,0.0,0.03153457057280289,0.1413984655404391,0.05208877496969,0.3900625901565292,148.33888831581294,70.14
Track 309,Artist 4,2024-11-26,0.26646331750084606,0.4383862585841929,-33.69682448494842,0.040249781117279046,0.037633480309167244,0.09716125914693981,0.9298845439529657,0.9986095150119159,136.14974468045898,71.45
Track 310,Artist 2,2024-12-03,0.13976841095395687,0.47625730858672566,-31.42456148479646,0.02035370648398003,0.12531702211406184,0.0940280027083257,0.07296134116013575,0.1925908232309098,135.91743976044387,53.0
Track 311,Artist 20,2024-12-10,0.4778772740237458,0.9947017489350248,-0.3178950638985114,0.10535796427216476,0.025633046313845283,0.04027036768695204,0.07318069058095955,0.15396358257762643,158.17580716913932,71.24
Track 312,Artist 36,2024-12-17,0.416889368594885,0.6745974769790241,-19.524151381258555,0.06465383266334583,0.14222909639288184,0.07687325683682869,0.45118844553353243,0.4228003325467935,105.92241317900404,74.51
Track 313,Artist 33,2024-12-24,0.2325699405288737,0.8146384431178827,-11.121693412927037,0.06326588400389915,0.4404046478487442,0.02899299512331345,0.24510028233503256,0.6196685259698614,100.28250050014908,64.51
Track 314,Artist 11,2024-12-31,0.367511810115128,0.9025539692192319,-5.846761846846086,0.012843979622277471,0.13819524978243886,0.03400816616752445,0.9626938521724977,0.9329007824132532,105.55755459542819,77.05
Track 315,Artist 33,2025-01-07,0.3663924498262474,0.7875898362293392,-12.744609826239646,0.04394857921100122,0.0881247379306332,0.06673643260232105,0.9109858394978042,0.9808211455330342,114.9099789318677,83.27
Track 316,Artist 33,2025-01-14,0.32749556441254546,0.18517934495356758,-48.889239302785946,0.06805005518157202,0.3802453307196963,0.17618811935219655,0.4047432486712671,0.06964063659139463,72.90898771416212,40.07
Track 317,Artist 10,2025-01-21,0.37946407972692897,0.5621707337375722,-26.269755975745667,0.08580978698563377,0.431790301686878,0.12183586478887881,0.4487315194162592,0.13799751734790533,115.85143526606379,58.38
Track 318,Artist 37,2025-01-28,0.6857433454559454,0.10189415731454488,-53.88635056112731,0.045305408674081726,0.44330276356976983,0.2148554305726593,0.3751136530755702,0.7907379738959939,109.10858536210176,59.98
Track 319,Artist 21,2025-02-04,0.2968764745712853,0.6529221265639984,-20.824672406160097,0.10395618896621045,0.39151540329735945,0.15545838486907587,0.03786611664312822,0.27063215227086046,135.675195347956,46.91
Track 320,Artist 3,2025-02-11,0.9488579267153404,0.955349428187811,-2.679034308731339,0.05039946544539714,0.6593383929769089,0.18708209692027222,0.29284683925470867,0.8848490595063606,127.0483875802008,81.75
Track 321,Artist 20,2025-02-18,0.9163480195381779,0.5127320643001113,-29.236076141993323,0.089642355925884,0.10554240709987574,0.0677601962985141,0.12267346961198411,0.6634532572290868,107.98606744461325,78.25
Track 322,Artist 38,2025-02-25,0.4809104283000786,0.4329724928677672,-34.02165042793397,0.025507389570542487,0.194801603694732,0.061284541647790354,0.10237033001512275,0.11184480238067718,131.79921690725809,59.31
Track 323,Artist 35,2025-03-04,0.3283612050046888,0.03584275141816318,-57.84943491491021,0.0,0.4170536745549863,0.11559773383202666,0.5608615729363878,0.8325292849240071,134.46526119647538,46.8
Track 324,Artist 14,2025-03-11,0.5354347898300031,0.9597745223292203,-2.413528660246783,0.06341794940092614,0.4174422029611281,0.10330557164425404,0.09876485771356225,0.17635638000807585,104.62908420417179,63.17
Track 325,Artist 38,2025-03-18,0.8485604887736246,0.10300268413015878,-53.81983895219047,0.08626620315733127,0.02675975928086998,0.06605541530098932,0.1029313237952636,0.4234953946796538,110.13951489235163,55.98
Track 326,Artist 20,2025-03-25,0.652587340560102,0.041079093304846936,-57.53525440170918,0.07876736659037847,0.5062932257695176,0.10331221877340033,0.48051371481934857,0.55218492855933,75.49273625804034,39.24
Track 327,Artist 23,2025-04-01,0.8043918279470774,0.24606661150493847,-45.23600330970369,0.071109333071872,0.23912037339103276,0.06964762533550412,0.44228236512263874,0.5007661490802783,98.1868005126143,55.84
Track 328,Artist 5,2025-04-08,0.5327222760657402,0.06553043391838242,-56.068173964897056,0.03257065170225064,0.44494079825198685,0.5009119271264288,0.13763478513236937,0.6861629156151504,105.15060879152843,39.92
Track 329,Artist 49,2025-04-15,0.6329176292676207,0.45511784241176234,-32.69292945529426,0.009662687427720383,0.31182146239156194,0.16751948715509038,0.004449024808863,0.6526867348692552,121.48332353212044,72.82
Track 330,Artist 42,2025-04-22,0.2881556141824617,0.5160878012571124,-29.034731924573258,0.07758641345218903,0.4431909208371309,0.1543109529096093,0.19297444176784384,0.9920420055280549,101.09234641280369,55.05
Track 331,Artist 10,2025-04-29,0.7348931623102908,0.3125699490285839,-41.24580305828496,0.07132237080991376,0.15019775725938156,0.07064700114444598,0.23589225418204074,0.9994219092241878,109.73096025901782,70.43
Track 332,Artist 28,2025-05-06,0.20240459312571835,0.05096048257488606,-56.94237104550684,0.021955045457808686,0.299054850852691,0.27756171592427104,0.8002484436088676,0.5164594026356409,95.49338636834801,25.56
Track 333,Artist 39,2025-05-13,0.6947981288184982,0.1116003682492267,-53.303977905046395,0.10547120945960285,0.39467393497889797,0.09632062697425252,0.915438350527215,0.09519908696086399,123.42227797062542,45.18
Track 334,Artist 25,2025-05-20,0.8607190683258941,0.3845043779899281,-36.92973732060432,0.005856724272619976,0.16323145150466498,0.3272315966253275,0.40594439748796973,0.7278432989687184,128.51429189169815,78.0
Track 335,Artist 11,2025-05-27,0.13210283730154393,0.06052845082653613,-56.368292950407834,0.02082383106044798,0.2808296677502142,0.10298524397765502,0.4050267265009778,0.9766640782165892,128.04730696839644,56.19
Track 336,Artist 48,2025-06-03,0.6143797405419198,0.6981897256099134,-18.10861646340519,0.13182126061708327,0.3713643305584488,0.167315267644633,0.7124812837598667,0.3183263876290203,120.24722263810519,60.65
Track 337,Artist 14,2025-06-10,0.0950957482299346,0.20702054152481197,-47.578767508511284,0.09342909688669564,0.12251919603151953,0.08060831358936109,0.626922015704689,0.4612088858375738,89.17854006997212,41.51
Track 338,Artist 17,2025-06-17,0.7257156282714269,0.3020715687836385,-41.87570587298169,0.03209953470544887,0.1754211034524642,0.2370986826429814,0.18414018669340915,0.4247769248154559,107.60092672214299,52.65
Track 339,Artist 19,2025-06-24,0.08449321882352023,0.3941257771780975,-36.35245336931415,0.06436903548217753,0.4105132626777473,0.3946207345479552,0.10768912229586136,0.05141915455692936,111.85386655363031,27.97
Track 340,Artist 44,2025-07-01,0.935939822700626,0.4166096330691479,-35.00342201585113,0.05773961222619192,0.32390738625553644,0.12521765841687382,0.4376118906550508,0.6722644312234448,111.93409374158749,70.63
Track 341,Artist 25,2025-07-08,0.13740793003780216,0.0016607076748005323,-59.900357539511965,0.0,0.05038655334268652,0.18154450275489334,0.564828363162763,0.3533376950684678,121.49962435979673,31.8
Track 342,Artist 36,2025-07-15,0.9588802459090804,0.11207037099869754,-53.27577774007815,0.004676302526330917,0.25476309221973575,0.5642165033213596,0.13870760315880926,0.7874638746315022,148.51082744742038,60.09
Track 343,Artist 45,2025-07-22,0.8008841760850967,0.8627645637408781,-8.234126175547317,0.047457669144535926,0.09560479500855211,0.3891230965898943,0.29327349340844455,0.8321200752819861,136.241924253692,86.53
Track 344,Artist 46,2025-07-29,0.5936820044663541,0.001233062511908134,-59.92601624928551,0.03216942617203469,0.3509244170593337,0.052168546014150996,0.3059429964305749,0.8212307865978454,100.24964440302611,47.03
Track 345,Artist 42,2025-08-05,0.7826241046295469,0.5081673558128751,-29.509958651227496,0.062355128241521035,0.04041947413825872,0.2758473309787499,0.261298201024164,0.41666599803988014,133.56805750593267,62.69
Track 346,Artist 45,2025-08-12,0.7951148389830859,0.4895020065072081,-30.629879609567514,0.106474115647396,0.25695016486236677,0.026592331287337744,0.46076126629179104,0.3215456822408995,132.80604735331474,74.66
Track 347,Artist 47,2025-08-19,0.9460270628173303,0.3330941610106378,-40.01435033936173,0.03392321076730363,0.15623273758404346,0.03919838079292306,0.6530635843197385,0.7488207796670548,103.8786505409687,92.66
Track 348,Artist 49,2025-08-26,0.2533833538391872,0.43132702014644964,-34.12037879121302,0.0,0.11283926971418742,0.2525219260359753,0.5093898836159924,0.801389433842723,136.97731845270877,47.21
Track 349,Artist 32,2025-09-02,0.5900758953583092,0.7805811375265843,-13.165131748404939,0.06624258292555227,0.2750886898652921,0.07470112636257957,0.2014565622473442,0.49125744639136615,116.79246728109473,57.08
Track 350,Artist 7,2025-09-09,0.09504919756440122,0.8412037062149564,-9.527777627102616,0.03366883332160983,0.2567983999987067,0.060411519015836426,0.10293904704739976,0.893031019536303,91.8009301997111,55.92
Track 351,Artist 6,2025-09-16,0.6161657000241213,0.26034854341525004,-44.379087395084994,0.042196824958904866,0.07840153729809811,0.406313833231746,0.8218704628987004,0.14390869607855827,129.10405449274285,44.4
Track 352,Artist 40,2025-09-23,0.1712913040927888,0.32249044096772983,-40.65057354193621,0.03541131404234607,0.37433652805555573,0.0508653574455144,0.4793046827177857,0.8790687796589601,124.33923647229048,56.43
Track 353,Artist 16,2025-09-30,0.5649506114724419,0.24248285302833272,-45.45102881830004,0.1620918900005493,0.2819756102955817,0.3061113843598177,0.0621391841338772,0.09609523297188127,115.44644741628345,41.16
Track 354,Artist 40,2025-10-07,0.5724305140338497,0.47986340055106513,-31.208195966936092,0.0,0.19095044021535149,0.10647174962996829,0.258121499649558,0.1535255220546139,119.25093830033401,52.31
Track 355,Artist 46,2025-10-14,0.46598515298122734,0.6832583576588129,-19.004498540471225,0.030583304843367694,0.47117942214675285,0.3142270495832181,0.8040337783841548,0.5338400132739604,105.61829042223076,59.93
Track 356,Artist 32,2025-10-21,0.5226317755131228,0.22825287546342055,-46.304827472194766,0.0498155487175804,0.22079366294131358,0.430883454913696,0.75172632477355,0.06751848018741502,132.20261007594218,31.71
Track 357,Artist 38,2025-10-28,0.7639233900065879,0.33073574205486667,-40.155855476708,0.010942875385861063,0.4524518590056982,0.2631519129050547,0.8758166328973778,0.05280710140011036,119.13098730982148,42.56
Track 358,Artist 14,2025-11-04,0.7992447165120666,0.9303846175891505,-4.176922944650968,0.09499129160641416,0.15083083058524147,0.17248335547058774,0.6020878260016921,0.0005187441657055203,123.32897687896455,67.78
Track 359,Artist 22,2025-11-11,0.4921532155754291,0.048569289846958075,-57.085842609182514,0.09066288393598197,0.06588630247066642,0.0958965771240294,0.422905934358055,0.43631665969426314,127.14283848857745,32.76
Track 360,Artist 48,2025-11-18,0.5995934415226123,0.4607696052395662,-32.353823685626026,0.04761226907557297,0.26543172729286074,0.24208326179563952,0.42663499755445067,0.7746238812922298,96.9082877114735,52.69
Track 361,Artist 41,2025-11-25,0.9312362356901018,0.7115580415967778,-17.30651750419333,0.036466312232815296,0.2559894593565681,0.6155659779703575,0.19400004449294372,0.034838350279915664,102.11433956235896,48.13
Track 362,Artist 11,2025-12-02,0.11973358850112281,0.15045401155747407,-50.97275930655155,0.044402158288417655,0.1534157812427064,0.2168423184023456,0.6507989615178819,0.6522576064658554,75.80111080767581,43.72
Track 363,Artist 46,2025-12-09,0.1171035659001105,0.047374020005481854,-57.15755879967109,0.04476066731760947,0.14627563140553915,0.355670553720474,0.585068756092854,0.8231273174161865,131.29484516980813,41.08
Track 364,Artist 25,2025-12-16,0.08770901191076841,0.13820537163853075,-51.707677701688155,0.04608134859371187,0.361835000098504,0.2707655491203517,0.1548644114288359,0.16800084857787112,95.75579952506467,25.52
Track 365,Artist 42,2025-12-23,0.6578632850405278,0.9188231935306829,-4.870608388159027,0.04060004492416003,0.1768201729775143,0.12263074032991728,0.8856629200453748,0.14686373482140425,122.65139419791305,54.17
Track 366,Artist 26,2025-12-30,0.4186083007903795,0.009259781821123414,-59.444413090732596,0.06262246572961964,0.28573474114624015,0.05998189249411159,0.36846820331059704,0.8608009736205361,127.41976449879105,36.52
Track 367,Artist 30,2026-01-06,0.7743214161418432,0.18832197481135182,-48.70068151131889,0.08766060324139326,0.3499528938002134,0.1467150477924244,0.049738765521068484,0.8231246099500947,132.0470567778504,64.3
Track 368,Artist 8,2026-01-13,0.6712314133085926,0.03128351290164455,-58.12298922590133,0.0,0.2879054378265683,0.08091626994088223,0.3278809207797838,0.5389417662641869,95.91966172327881,25.62
Track 369,Artist 17,2026-01-20,0.33363775832823817,0.11062946756220327,-53.362231946267805,0.0,0.8104671463120968,0.23751010706271333,0.8698567147115758,0.8191998792939803,118.69676763718618,46.5
Track 370,Artist 36,2026-01-27,0.8983665473615358,0.6201492866282963,-22.791042802302222,0.0,0.1875888145551309,0.009112742054324385,0.9169565858617845,0.09275607742449477,153.40560841575498,53.55
Track 371,Artist 42,2026-02-03,0.7625321470706523,0.24163890873908578,-45.50166547565485,0.09331987001787997,0.11147658369583816,0.1899185907486479,0.4903984172596335,0.3944815179387544,154.28629359968633,62.93
Track 372,Artist 5,2026-02-10,0.2705349409101757,0.5692120504306768,-25.847276974159392,0.06251616465952316,0.29306150165835854,0.09317685275394257,0.9563399400734179,0.7377975561063729,139.74646188053902,52.57
Track 373,Artist 4,2026-02-17,0.364192017772054,0.5901953827661262,-24.58827703403243,0.07526337579663854,0.30775111528980215,0.3851356537144628,0.875241809211976,0.25745195932396336,126.74986277637679,54.8
Track 374,Artist 34,2026-02-24,0.3144399802042629,0.849435333089779,-9.03388001461326,0.0,0.10096488212591193,0.15750356153396067,0.8252307170992254,0.7523289144335528,99.89787222309245,94.53
Track 375,Artist 22,2026-03-03,0.15761164862499966,0.004741392911873921,-59.71551642528757,0.13924740614400694,0.3015096926687941,0.2485855872090599,0.859710064682206,0.5041786043908139,134.37243250782106,13.52
Track 376,Artist 42,2026-03-10,0.14778337254219165,0.8533694593423667,-8.797832439457999,0.019557454592732115,0.29680723683956084,0.25443528172469043,0.3818754121688235,0.7502659879482331,116.83957542506319,65.74
Track 377,Artist 4,2026-03-17,0.936127463375744,0.619119086426974,-22.85285481438156,0.0584102903555628,0.2955478546860294,0.1171962810670337,0.7564689407555436,0.4646796378573296,131.21056550545688,58.2
Track 378,Artist 18,2026-03-24,0.43790403719875326,0.1627434861049576,-50.235390833702546,0.0927192330339186,0.30807839685574206,0.1368186610489655,0.5773390030761493,0.3679043402218176,107.34313090295767,43.12
Track 379,Artist 2,2026-03-31,0.38331982277740984,0.772937388135284,-13.623756711882962,0.0006510122101964083,0.07259007496878044,0.05509104889186019,0.7196840017403067,0.21918921647863232,116.54133774320142,58.35
Track 380,Artist 35,2026-04-07,0.7296857086773779,0.8554915417905857,-8.670507492564859,0.02268378207436666,0.14940046842941654,0.06374888135655021,0.17778610758077462,0.20837934143501502,123.2829472015285,70.13
Track 381,Artist 43,2026-04-14,0.5529930652528999,0.2542634837541573,-44.744190974750566,0.05895858873004371,0.3797259811464071,0.11392935113999235,0.731393911774942,0.751490810571396,124.92556182987717,48.02
Track 382,Artist 8,2026-04-21,0.9361399868384622,0.9187936809026809,-4.872379145839147,0.19287365377323534,0.0724796982066711,0.12286390487040652,0.9575924341941717,0.1189103480339605,129.87445428920495,82.7
Track 383,Artist 16,2026-04-28,0.7803014939093922,0.4544574302986578,-32.732554182080534,0.06505623714260123,0.6407016515794574,0.15418724357611405,0.30266332238142957,0.08598235011094513,108.41610030950201,34.25
Track 384,Artist 42,2026-05-05,0.47936956412454035,0.6034244543333215,-23.79453274000071,0.1303180575315359,0.19322886331644934,0.1379530465816456,0.9861613239556271,0.17629136502213016,93.13431095779595,61.71
Track 385,Artist 3,2026-05-12,0.3763594734808262,0.9846495336176436,-0.9210279829413821,0.11028365725959778,0.10843276006505778,0.2690393239221346,0.3783760148053711,0.17534651145392188,152.49570079799588,58.85
Track 386,Artist 47,2026-05-19,0.986631544924322,0.36153607863919934,-38.30783528164804,0.06840050182472594,0.41180753905094936,0.11546539118457318,0.19972349702103287,0.8231076228068998,169.78508338046714,61.2
Track 387,Artist 44,2026-05-26,0.7177602360036435,0.8131593458201128,-11.210439250793229,0.0005402114184660661,0.43801540836802877,0.03706642335681667,0.11228622980023839,0.3985066234742124,128.94841422404758,79.38
Track 388,Artist 8,2026-06-02,0.9511946600038411,0.31839911782845964,-40.89605293029242,0.10298768054091176,0.2223668302580205,0.11949588772644368,0.7849619132881778,0.9903884573604824,93.5201581053978,74.14
Track 389,Artist 7,2026-06-09,0.11847857721704136,0.799213522241491,-12.04718866551054,0.0,0.17616822620232392,0.2839384118619367,0.5548254003765684,0.13721125779061238,104.53609766314247,60.29
Track 390,Artist 34,2026-06-16,0.8505336791907826,0.6007339188626425,-23.955964868241452,0.1300437561838546,0.2282016838285522,0.14728702647650943,0.30713129366202885,0.6535398256936433,130.18235138101937,81.8
Track 391,Artist 1,2026-06-23,0.6370738839912076,0.21635569522540143,-47.01865828647591,0.060000265410912766,0.14169632191432432,0.007931132654036669,0.6084503697937579,0.4487295072012506,146.82231223362572,49.37
Track 392,Artist 25,2026-06-30,0.12192167833511258,0.4140260937892364,-35.158434372645814,0.0,0.597543029791033,0.10805272082191049,0.33210118784100473,0.39291817669707396,95.74218730916287,33.24
Track 393,Artist 4,2026-07-07,0.5882579999692207,0.3176356343635617,-40.9418619381863,0.032974695248408056,0.49554826701546295,0.18928097950115944,0.44835775732845873,0.8750841990540823,117.51334358302198,57.66
Track 394,Artist 27,2026-07-14,0.6860963651054488,0.07810839308036388,-55.313496415178165,0.08269739104614703,0.4229344576652333,0.1969471035893082,0.8626641257530911,0.9755956458283996,123.91864128887939,68.32
Track 395,Artist 18,2026-07-21,0.012302685888602838,0.029834770099697483,-58.20991379401815,0.03814880634801167,0.41830183548507455,0.26462595842673414,0.6681664768591647,0.8728589587741787,137.29156902571748,37.07
Track 396,Artist 35,2026-07-28,0.45431796184174655,0.3464786554071809,-39.21128067556914,0.08575029054967867,0.2383193721724035,0.1921052375141834,0.7624018397047164,0.19230067903513304,113.12797811199242,44.55
Track 397,Artist 44,2026-08-04,0.8253995111963212,0.01903414781748658,-58.8579511309508,0.007498791614385228,0.04580049651235959,0.004452567440386474,0.5834935514695763,0.22079792120893404,88.72370617356151,47.39
Track 398,Artist 24,2026-08-11,0.29535902534408986,0.16548775758177503,-50.0707345450935,0.0,0.08785271756134655,0.19926965076383027,0.991398048885621,0.6560738790950633,132.42395118905804,47.89
Track 399,Artist 32,2026-08-18,0.4585480817985511,0.7251833208508688,-16.489000748947873,0.04642772984761973,0.3226899639101146,0.029920223493496587,0.24141006629089268,0.2890835816381917,142.49591930342476,67.62
Track 400,Artist 30,2026-08-25,0.4423141270678932,0.7080912356835879,-17.514525858984726,0.05157828336449574,0.1013194943377103,0.02670992914385651,0.26229116071881475,0.7347251307805799,118.34817076509678,69.86
